{
  "version": "2.0",
  "ppid": 24676,
  "events": [
    {
      "head": {
        "id": "ac710644-787b-429b-9fc3-d9242ea3b593",
        "name": "env: nodejsVersion=v18.20.1",
        "description": "",
        "type": "log"
      },
      "body": {
        "pid": 18976,
        "tid": "Main Thread",
        "startTime": 24747197470500
      },
      "additional": {
        "logType": "debug",
        "children": []
      }
    },
    {
      "head": {
        "id": "c1ffb749-a6bd-48bd-86ce-51470279e102",
        "name": "env: hvigor-config.json5 content = {\n  modelVersion: '5.0.2',\n  dependencies: {},\n  execution: {},\n  logging: {},\n  debugging: {},\n  nodeOptions: {}\n}",
        "description": "",
        "type": "log"
      },
      "body": {
        "pid": 18976,
        "tid": "Main Thread",
        "startTime": 24747200045900
      },
      "additional": {
        "logType": "debug",
        "children": []
      }
    },
    {
      "head": {
        "id": "d7f8b21a-8983-4492-9d62-cdc26a79b7fd",
        "name": "env: daemon=false",
        "description": "",
        "type": "log"
      },
      "body": {
        "pid": 18976,
        "tid": "Main Thread",
        "startTime": 24747202183800
      },
      "additional": {
        "logType": "debug",
        "children": []
      }
    },
    {
      "head": {
        "id": "89dd0806-4f84-468e-a962-b78e143b8b5f",
        "name": "no-daemon, use the parent process.execArgv --max-old-space-size=8192,--expose-gc",
        "description": "",
        "type": "log"
      },
      "body": {
        "pid": 18976,
        "tid": "Main Thread",
        "startTime": 24747202295800
      },
      "additional": {
        "logType": "debug",
        "children": []
      }
    },
    {
      "head": {
        "id": "99e866a7-42fd-4821-b29c-55871e2c7f75",
        "name": "init",
        "description": "Initialize and build task graph.",
        "type": "duration"
      },
      "body": {
        "pid": 18976,
        "tid": "Main Thread",
        "startTime": 24747792789600
      },
      "additional": {
        "children": [
          "bf0ca783-0f2b-42a6-834e-0343194a5163",
          "05660b74-0b06-495e-b430-86212457340b",
          "f8338b33-2a49-4662-8206-2516edcfc9ec",
          "4b1965c8-09aa-408e-b2a8-80bdb9f9bb81",
          "e0099c16-98cb-48a6-99ac-d317a66be141",
          "04945054-b129-48ec-8e13-926007541464"
        ],
        "state": "running",
        "targetName": "",
        "moduleName": "",
        "category": "Init",
        "taskRunReasons": []
      },
      "log": {
        "_logger": {
          "category": "DurationEvent",
          "context": {},
          "callStackSkipIndex": 0
        },
        "_filelogger": {
          "category": "debug-file",
          "context": {},
          "callStackSkipIndex": 0
        },
        "anonymizeFileLogger": {
          "fileLogger": {
            "category": "debug-file",
            "context": {},
            "callStackSkipIndex": 0
          }
        }
      }
    },
    {
      "head": {
        "id": "bf0ca783-0f2b-42a6-834e-0343194a5163",
        "name": "create hvigor project model",
        "description": "Initialize hvigor project model.",
        "type": "duration"
      },
      "body": {
        "pid": 18976,
        "tid": "Main Thread",
        "startTime": 24747792803000,
        "endTime": 24747814073600
      },
      "additional": {
        "children": [],
        "state": "success",
        "targetName": "",
        "moduleName": "",
        "category": "",
        "taskRunReasons": [],
        "parent": "99e866a7-42fd-4821-b29c-55871e2c7f75",
        "logId": "ea4d64a5-4db6-42a4-933d-e138bcb467c3"
      },
      "log": {
        "_logger": {
          "category": "DurationEvent",
          "context": {},
          "callStackSkipIndex": 0
        },
        "_filelogger": {
          "category": "debug-file",
          "context": {},
          "callStackSkipIndex": 0
        },
        "anonymizeFileLogger": {
          "fileLogger": {
            "category": "debug-file",
            "context": {},
            "callStackSkipIndex": 0
          }
        }
      }
    },
    {
      "head": {
        "id": "05660b74-0b06-495e-b430-86212457340b",
        "name": "configure hvigor plugin",
        "description": "Configure hvigor plugin.",
        "type": "duration"
      },
      "body": {
        "pid": 18976,
        "tid": "Main Thread",
        "startTime": 24747814093500
      },
      "additional": {
        "children": [
          "92f6f6eb-26cf-43cd-a011-fef8cf82bcde",
          "40073aa9-1209-40ca-9012-a13da3edea52",
          "1ecc0c40-f91d-4b6a-b35a-b4ee270d0820",
          "beb9eee9-ec58-407b-9e37-3103c6dd8704",
          "94510872-1b6d-4892-9058-a249e6eb5c7f",
          "11f9c43c-8778-4685-bb41-3250efbdc266",
          "67134685-eb21-4edd-95fa-2a310333cbc9",
          "bece216a-5bc0-4ebc-be4f-55bfda461a64"
        ],
        "state": "running",
        "targetName": "",
        "moduleName": "",
        "category": "",
        "taskRunReasons": [],
        "parent": "99e866a7-42fd-4821-b29c-55871e2c7f75"
      },
      "log": {
        "_logger": {
          "category": "DurationEvent",
          "context": {},
          "callStackSkipIndex": 0
        },
        "_filelogger": {
          "category": "debug-file",
          "context": {},
          "callStackSkipIndex": 0
        },
        "anonymizeFileLogger": {
          "fileLogger": {
            "category": "debug-file",
            "context": {},
            "callStackSkipIndex": 0
          }
        }
      }
    },
    {
      "head": {
        "id": "e0099c16-98cb-48a6-99ac-d317a66be141",
        "name": "\"configEvaluated\" hook function",
        "description": "",
        "type": "duration"
      },
      "body": {
        "pid": 18976,
        "tid": "Main Thread",
        "startTime": 24747798157300,
        "endTime": 24747798430000
      },
      "additional": {
        "children": [],
        "state": "success",
        "targetName": "",
        "moduleName": "",
        "category": "",
        "taskRunReasons": [],
        "parent": "99e866a7-42fd-4821-b29c-55871e2c7f75",
        "logId": "30a0b644-9661-4597-8976-b3cf4ecf785d"
      },
      "log": {
        "_logger": {
          "category": "DurationEvent",
          "context": {},
          "callStackSkipIndex": 0
        },
        "_filelogger": {
          "category": "debug-file",
          "context": {},
          "callStackSkipIndex": 0
        },
        "anonymizeFileLogger": {
          "fileLogger": {
            "category": "debug-file",
            "context": {},
            "callStackSkipIndex": 0
          }
        }
      }
    },
    {
      "head": {
        "id": "30a0b644-9661-4597-8976-b3cf4ecf785d",
        "name": "\"configEvaluated\" hook function",
        "description": "",
        "type": "log"
      },
      "body": {
        "pid": 18976,
        "tid": "Main Thread",
        "startTime": 24747798157300,
        "endTime": 24747798430000
      },
      "additional": {
        "logType": "info",
        "children": [],
        "durationId": "e0099c16-98cb-48a6-99ac-d317a66be141"
      }
    },
    {
      "head": {
        "id": "04945054-b129-48ec-8e13-926007541464",
        "name": "\"nodesInitialized\" hook function",
        "description": "",
        "type": "duration"
      },
      "body": {
        "pid": 18976,
        "tid": "Main Thread",
        "startTime": 24747807926800,
        "endTime": 24747808004100
      },
      "additional": {
        "children": [],
        "state": "success",
        "targetName": "",
        "moduleName": "",
        "category": "",
        "taskRunReasons": [],
        "parent": "99e866a7-42fd-4821-b29c-55871e2c7f75",
        "logId": "9f9d6d86-64f5-48f6-ad42-1d6ff009ac74"
      },
      "log": {
        "_logger": {
          "category": "DurationEvent",
          "context": {},
          "callStackSkipIndex": 0
        },
        "_filelogger": {
          "category": "debug-file",
          "context": {},
          "callStackSkipIndex": 0
        },
        "anonymizeFileLogger": {
          "fileLogger": {
            "category": "debug-file",
            "context": {},
            "callStackSkipIndex": 0
          }
        }
      }
    },
    {
      "head": {
        "id": "9f9d6d86-64f5-48f6-ad42-1d6ff009ac74",
        "name": "\"nodesInitialized\" hook function",
        "description": "",
        "type": "log"
      },
      "body": {
        "pid": 18976,
        "tid": "Main Thread",
        "startTime": 24747807926800,
        "endTime": 24747808004100
      },
      "additional": {
        "logType": "info",
        "children": [],
        "durationId": "04945054-b129-48ec-8e13-926007541464"
      }
    },
    {
      "head": {
        "id": "68383336-dbad-42cd-91fe-e2a4fccfcccf",
        "name": "Hvigor init with startParameters:{\n  hvigorfileTypeCheck: false,\n  parallelExecution: true,\n  incrementalExecution: true,\n  printStackTrace: false,\n  daemon: false,\n  analyze: 0,\n  logLevel: Level { level: 20000, levelStr: 'INFO', colour: 'green' }\n}",
        "description": "",
        "type": "log"
      },
      "body": {
        "pid": 18976,
        "tid": "Main Thread",
        "startTime": 24747808218300
      },
      "additional": {
        "logType": "debug",
        "children": []
      }
    },
    {
      "head": {
        "id": "63d5164f-1392-41c8-a80b-f50ad523117b",
        "name": "Cache service initialization finished in 6 ms ",
        "description": "",
        "type": "log"
      },
      "body": {
        "pid": 18976,
        "tid": "Main Thread",
        "startTime": 24747813980700
      },
      "additional": {
        "logType": "debug",
        "children": []
      }
    },
    {
      "head": {
        "id": "ea4d64a5-4db6-42a4-933d-e138bcb467c3",
        "name": "create hvigor project model",
        "description": "",
        "type": "log"
      },
      "body": {
        "pid": 18976,
        "tid": "Main Thread",
        "startTime": 24747792803000,
        "endTime": 24747814073600
      },
      "additional": {
        "logType": "info",
        "children": [],
        "durationId": "bf0ca783-0f2b-42a6-834e-0343194a5163"
      }
    },
    {
      "head": {
        "id": "92f6f6eb-26cf-43cd-a011-fef8cf82bcde",
        "name": "init configuration",
        "description": "Initialize configuration.",
        "type": "duration"
      },
      "body": {
        "pid": 18976,
        "tid": "Main Thread",
        "startTime": 24747822179500,
        "endTime": 24747822217100
      },
      "additional": {
        "children": [],
        "state": "success",
        "targetName": "",
        "moduleName": "",
        "category": "",
        "taskRunReasons": [],
        "parent": "05660b74-0b06-495e-b430-86212457340b",
        "logId": "7aed83a9-93a7-430d-afe4-fd3191d26495"
      },
      "log": {
        "_logger": {
          "category": "DurationEvent",
          "context": {},
          "callStackSkipIndex": 0
        },
        "_filelogger": {
          "category": "debug-file",
          "context": {},
          "callStackSkipIndex": 0
        },
        "anonymizeFileLogger": {
          "fileLogger": {
            "category": "debug-file",
            "context": {},
            "callStackSkipIndex": 0
          }
        }
      }
    },
    {
      "head": {
        "id": "40073aa9-1209-40ca-9012-a13da3edea52",
        "name": "configure project task",
        "description": "Configure project task.",
        "type": "duration"
      },
      "body": {
        "pid": 18976,
        "tid": "Main Thread",
        "startTime": 24747822263600,
        "endTime": 24747831585100
      },
      "additional": {
        "children": [],
        "state": "success",
        "targetName": "",
        "moduleName": "",
        "category": "",
        "taskRunReasons": [],
        "parent": "05660b74-0b06-495e-b430-86212457340b",
        "logId": "ec9ecb36-d89f-4625-b757-40c72627be24"
      },
      "log": {
        "_logger": {
          "category": "DurationEvent",
          "context": {},
          "callStackSkipIndex": 0
        },
        "_filelogger": {
          "category": "debug-file",
          "context": {},
          "callStackSkipIndex": 0
        },
        "anonymizeFileLogger": {
          "fileLogger": {
            "category": "debug-file",
            "context": {},
            "callStackSkipIndex": 0
          }
        }
      }
    },
    {
      "head": {
        "id": "1ecc0c40-f91d-4b6a-b35a-b4ee270d0820",
        "name": "eval project",
        "description": "Evaluate project.",
        "type": "duration"
      },
      "body": {
        "pid": 18976,
        "tid": "Main Thread",
        "startTime": 24747831753800
      },
      "additional": {
        "children": [
          "aa9b5893-036d-463d-8a20-2802becfc172",
          "7bc990b8-e3aa-4220-a92b-6264dd271cf1"
        ],
        "state": "running",
        "targetName": "",
        "moduleName": "",
        "category": "",
        "taskRunReasons": [],
        "parent": "05660b74-0b06-495e-b430-86212457340b"
      },
      "log": {
        "_logger": {
          "category": "DurationEvent",
          "context": {},
          "callStackSkipIndex": 0
        },
        "_filelogger": {
          "category": "debug-file",
          "context": {},
          "callStackSkipIndex": 0
        },
        "anonymizeFileLogger": {
          "fileLogger": {
            "category": "debug-file",
            "context": {},
            "callStackSkipIndex": 0
          }
        }
      }
    },
    {
      "head": {
        "id": "7aed83a9-93a7-430d-afe4-fd3191d26495",
        "name": "init configuration",
        "description": "",
        "type": "log"
      },
      "body": {
        "pid": 18976,
        "tid": "Main Thread",
        "startTime": 24747822179500,
        "endTime": 24747822217100
      },
      "additional": {
        "logType": "info",
        "children": [],
        "durationId": "92f6f6eb-26cf-43cd-a011-fef8cf82bcde"
      }
    },
    {
      "head": {
        "id": "ec9ecb36-d89f-4625-b757-40c72627be24",
        "name": "configure project task",
        "description": "",
        "type": "log"
      },
      "body": {
        "pid": 18976,
        "tid": "Main Thread",
        "startTime": 24747822263600,
        "endTime": 24747831585100
      },
      "additional": {
        "logType": "info",
        "children": [],
        "durationId": "40073aa9-1209-40ca-9012-a13da3edea52"
      }
    },
    {
      "head": {
        "id": "aa9b5893-036d-463d-8a20-2802becfc172",
        "name": "\"beforeNodeEvaluate\" hook function",
        "description": "",
        "type": "duration"
      },
      "body": {
        "pid": 18976,
        "tid": "Main Thread",
        "startTime": 24747833127500,
        "endTime": 24747833237800
      },
      "additional": {
        "children": [],
        "state": "success",
        "targetName": "",
        "moduleName": "",
        "category": "",
        "taskRunReasons": [],
        "parent": "1ecc0c40-f91d-4b6a-b35a-b4ee270d0820",
        "logId": "c6eb8b8c-cde8-4ace-979f-add2d5bd6b3e"
      },
      "log": {
        "_logger": {
          "category": "DurationEvent",
          "context": {},
          "callStackSkipIndex": 0
        },
        "_filelogger": {
          "category": "debug-file",
          "context": {},
          "callStackSkipIndex": 0
        },
        "anonymizeFileLogger": {
          "fileLogger": {
            "category": "debug-file",
            "context": {},
            "callStackSkipIndex": 0
          }
        }
      }
    },
    {
      "head": {
        "id": "c6eb8b8c-cde8-4ace-979f-add2d5bd6b3e",
        "name": "\"beforeNodeEvaluate\" hook function",
        "description": "",
        "type": "log"
      },
      "body": {
        "pid": 18976,
        "tid": "Main Thread",
        "startTime": 24747833127500,
        "endTime": 24747833237800
      },
      "additional": {
        "logType": "info",
        "children": [],
        "durationId": "aa9b5893-036d-463d-8a20-2802becfc172"
      }
    },
    {
      "head": {
        "id": "7bc990b8-e3aa-4220-a92b-6264dd271cf1",
        "name": "eval hvigorfile",
        "description": "Evaluate hvigorfile.",
        "type": "duration"
      },
      "body": {
        "pid": 18976,
        "tid": "Main Thread",
        "startTime": 24747836696300
      },
      "additional": {
        "children": [
          "a6a6ea99-8d35-469f-963d-e874e40bb6f1",
          "6c3dfcd9-3510-443b-8a66-59eacab290a0"
        ],
        "state": "running",
        "targetName": "",
        "moduleName": "",
        "category": "",
        "taskRunReasons": [],
        "parent": "1ecc0c40-f91d-4b6a-b35a-b4ee270d0820"
      },
      "log": {
        "_logger": {
          "category": "DurationEvent",
          "context": {},
          "callStackSkipIndex": 0
        },
        "_filelogger": {
          "category": "debug-file",
          "context": {},
          "callStackSkipIndex": 0
        },
        "anonymizeFileLogger": {
          "fileLogger": {
            "category": "debug-file",
            "context": {},
            "callStackSkipIndex": 0
          }
        }
      }
    },
    {
      "head": {
        "id": "a6a6ea99-8d35-469f-963d-e874e40bb6f1",
        "name": "require hvigorfile",
        "description": "Require hvigorfile.",
        "type": "duration"
      },
      "body": {
        "pid": 18976,
        "tid": "Main Thread",
        "startTime": 24747836698200,
        "endTime": 24750194480000
      },
      "additional": {
        "children": [],
        "state": "success",
        "targetName": "",
        "moduleName": "",
        "category": "",
        "taskRunReasons": [],
        "parent": "7bc990b8-e3aa-4220-a92b-6264dd271cf1",
        "logId": "bee9b34c-6ae3-4f45-b613-3fb77e4584fe"
      },
      "log": {
        "_logger": {
          "category": "DurationEvent",
          "context": {},
          "callStackSkipIndex": 0
        },
        "_filelogger": {
          "category": "debug-file",
          "context": {},
          "callStackSkipIndex": 0
        },
        "anonymizeFileLogger": {
          "fileLogger": {
            "category": "debug-file",
            "context": {},
            "callStackSkipIndex": 0
          }
        }
      }
    },
    {
      "head": {
        "id": "6c3dfcd9-3510-443b-8a66-59eacab290a0",
        "name": "bind plugins",
        "description": "Bind plugins.",
        "type": "duration"
      },
      "body": {
        "pid": 18976,
        "tid": "Main Thread",
        "startTime": 24750194512700
      },
      "additional": {
        "children": [],
        "state": "running",
        "targetName": "",
        "moduleName": "",
        "category": "",
        "taskRunReasons": [],
        "parent": "7bc990b8-e3aa-4220-a92b-6264dd271cf1"
      },
      "log": {
        "_logger": {
          "category": "DurationEvent",
          "context": {},
          "callStackSkipIndex": 0
        },
        "_filelogger": {
          "category": "debug-file",
          "context": {},
          "callStackSkipIndex": 0
        },
        "anonymizeFileLogger": {
          "fileLogger": {
            "category": "debug-file",
            "context": {},
            "callStackSkipIndex": 0
          }
        }
      }
    },
    {
      "head": {
        "id": "7f012d51-52d9-406d-b4af-dae3e4e9d383",
        "name": "hvigorfile, resolving D:\\图书借阅app-代码\\hvigorfile.ts",
        "description": "",
        "type": "log"
      },
      "body": {
        "pid": 18976,
        "tid": "Main Thread",
        "startTime": 24747836705200
      },
      "additional": {
        "logType": "debug",
        "children": []
      }
    },
    {
      "head": {
        "id": "6dfd65c6-4986-4ffd-a136-e8881c571e3b",
        "name": "hvigorfile, require result:  { default: { system: [Function: appTasks], plugins: [] } }",
        "description": "",
        "type": "log"
      },
      "body": {
        "pid": 18976,
        "tid": "Main Thread",
        "startTime": 24750194176600
      },
      "additional": {
        "logType": "debug",
        "children": []
      }
    },
    {
      "head": {
        "id": "bee9b34c-6ae3-4f45-b613-3fb77e4584fe",
        "name": "require hvigorfile",
        "description": "",
        "type": "log"
      },
      "body": {
        "pid": 18976,
        "tid": "Main Thread",
        "startTime": 24747836698200,
        "endTime": 24750194480000
      },
      "additional": {
        "logType": "info",
        "children": [],
        "durationId": "a6a6ea99-8d35-469f-963d-e874e40bb6f1"
      }
    },
    {
      "head": {
        "id": "0ea7f18e-fa60-4e20-9aac-482236f6e2fc",
        "name": "hvigorfile, binding system plugins [Function: appTasks]",
        "description": "",
        "type": "log"
      },
      "body": {
        "pid": 18976,
        "tid": "Main Thread",
        "startTime": 24750194645800
      },
      "additional": {
        "logType": "debug",
        "children": []
      }
    },
    {
      "head": {
        "id": "eb4439c3-31f9-49a7-8c62-a4656acfd25a",
        "name": "hvigor build process will be closed with an error.",
        "description": "",
        "type": "log"
      },
      "body": {
        "pid": 18976,
        "tid": "Main Thread",
        "startTime": 24750392373900
      },
      "additional": {
        "logType": "debug",
        "children": []
      }
    },
    {
      "head": {
        "id": "0be24dc9-73a4-4a8d-aea6-e623d09ff920",
        "name": "ERROR: stacktrace = Error: Invalid project path.\r\n\t Detail: Please move the project to a valid path\n    at OhosLogger.errorMessageExit (D:\\deveco\\DevEco Studio\\tools\\hvigor\\hvigor\\src\\base\\log\\hvigor-log.js:1:3224)\n    at OhosLogger._printAllExit (D:\\deveco\\DevEco Studio\\tools\\hvigor\\hvigor-ohos-plugin\\src\\utils\\log\\ohos-logger.js:1:1274)\n    at ProjectInspection.exitOnError (D:\\deveco\\DevEco Studio\\tools\\hvigor\\hvigor-ohos-plugin\\src\\tasks\\inspection\\project-inspection.js:1:672)\n    at AppPlugin.doProjectInspection (D:\\deveco\\DevEco Studio\\tools\\hvigor\\hvigor-ohos-plugin\\src\\plugin\\common\\abstract-project-plugin.js:1:1585)\n    at PluginFactory.getAppPlugin (D:\\deveco\\DevEco Studio\\tools\\hvigor\\hvigor-ohos-plugin\\src\\plugin\\factory\\plugin-factory.js:1:2159)\n    at appTasks (D:\\deveco\\DevEco Studio\\tools\\hvigor\\hvigor-ohos-plugin\\index.js:1:593)\n    at bindSystemPlugins (D:\\deveco\\DevEco Studio\\tools\\hvigor\\hvigor\\src\\base\\internal\\lifecycle\\configuration.js:1:5900)\n    at evaluateNodeVigorFile (D:\\deveco\\DevEco Studio\\tools\\hvigor\\hvigor\\src\\base\\internal\\lifecycle\\configuration.js:1:8319)\n    at evalProject (D:\\deveco\\DevEco Studio\\tools\\hvigor\\hvigor\\src\\base\\internal\\lifecycle\\configuration.js:1:3495)\n    at process.processTicksAndRejections (node:internal/process/task_queues:95:5)",
        "description": "",
        "type": "log"
      },
      "body": {
        "pid": 18976,
        "tid": "Main Thread",
        "startTime": 24750406182400
      },
      "additional": {
        "logType": "debug",
        "children": []
      }
    },
    {
      "head": {
        "id": "0f5a4069-eb36-422e-af16-43b189ce9acd",
        "name": "\"buildFinished\" hook function",
        "description": "",
        "type": "duration"
      },
      "body": {
        "pid": 18976,
        "tid": "Main Thread",
        "startTime": 24750416935700,
        "endTime": 24750418109400
      },
      "additional": {
        "children": [],
        "state": "success",
        "targetName": "",
        "moduleName": "",
        "category": "",
        "taskRunReasons": [],
        "parent": "5b18ff74-cbfc-4072-b838-ed5197f6a319",
        "logId": "4546b3d4-2dd0-4659-91fe-469ecdbce57d"
      },
      "log": {
        "_logger": {
          "category": "DurationEvent",
          "context": {},
          "callStackSkipIndex": 0
        },
        "_filelogger": {
          "category": "debug-file",
          "context": {},
          "callStackSkipIndex": 0
        },
        "anonymizeFileLogger": {
          "fileLogger": {
            "category": "debug-file",
            "context": {},
            "callStackSkipIndex": 0
          }
        }
      }
    },
    {
      "head": {
        "id": "1917ba5f-8046-4876-83b7-cacd926be74a",
        "name": "hvigor start cli arguments:{\n  prop: [ 'product=default' ],\n  sync: true,\n  parallel: true,\n  incremental: true,\n  daemon: false,\n  _: [],\n  env: {\n    ALLUSERSPROFILE: 'C:\\\\ProgramData',\n    APPDATA: 'C:\\\\Users\\\\fofo\\\\AppData\\\\Roaming',\n    CommonProgramFiles: 'C:\\\\Program Files\\\\Common Files',\n    'CommonProgramFiles(x86)': 'C:\\\\Program Files (x86)\\\\Common Files',\n    CommonProgramW6432: 'C:\\\\Program Files\\\\Common Files',\n    COMPUTERNAME: 'DESKTOP-AHK0Q93',\n    ComSpec: 'C:\\\\WINDOWS\\\\system32\\\\cmd.exe',\n    config: '{\"product\":\"default\"}',\n    CREATED_BY: 'deveco',\n    DEVECO_SDK_HOME: 'D:/deveco/DevEco Studio/sdk',\n    DriverData: 'C:\\\\Windows\\\\System32\\\\Drivers\\\\DriverData',\n    HDC_SERVER_PORT: '65037',\n    HOMEDRIVE: 'C:',\n    HOMEPATH: '\\\\Users\\\\fofo',\n    IDEA_INITIAL_DIRECTORY: 'C:\\\\WINDOWS\\\\system32',\n    JAVA_HOME: 'D:\\\\deveco\\\\DevEco Studio\\\\jbr',\n    LOCALAPPDATA: 'C:\\\\Users\\\\fofo\\\\AppData\\\\Local',\n    LOGONSERVER: '\\\\\\\\DESKTOP-AHK0Q93',\n    NODE_HOME: 'D:\\\\deveco\\\\DevEco Studio\\\\tools\\\\node',\n    NODE_PATH: 'C:\\\\Users\\\\fofo\\\\.hvigor\\\\project_caches\\\\399349dfbfa8e63f0bfc4b4e5b41896f\\\\workspace\\\\node_modules',\n    NO_UPDATE_NOTIFIER: 'true',\n    'npm_config_@ohos:registry': 'https://repo.harmonyos.com/npm/',\n    'npm_config_auto-install-peers': 'false',\n    npm_config_registry: 'https://repo.huaweicloud.com/repository/npm/',\n    'npm_config_strict-ssl': '',\n    'npm_config_update-notifier': 'false',\n    NUMBER_OF_PROCESSORS: '16',\n    ohpmBin: 'D:\\\\deveco\\\\DevEco Studio\\\\tools\\\\ohpm\\\\bin\\\\ohpm.bat',\n    OneDrive: 'C:\\\\Users\\\\fofo\\\\OneDrive',\n    OS: 'Windows_NT',\n    Path: 'D:\\\\deveco\\\\DevEco Studio\\\\jbr\\\\bin;D:/deveco/DevEco Studio/tools/node;C:\\\\WINDOWS\\\\system32;C:\\\\WINDOWS;C:\\\\WINDOWS\\\\System32\\\\Wbem;C:\\\\WINDOWS\\\\System32\\\\WindowsPowerShell\\\\v1.0\\\\;C:\\\\WINDOWS\\\\System32\\\\OpenSSH\\\\;C:\\\\Program Files (x86)\\\\NVIDIA Corporation\\\\PhysX\\\\Common;D:\\\\ruanjian\\\\bandzip\\\\Bandizip\\\\;C:\\\\Program Files (x86)\\\\Windows Kits\\\\10\\\\Windows Performance Toolkit\\\\;C:\\\\Program Files\\\\NVIDIA Corporation\\\\NVIDIA app\\\\NvDLISR;D:\\\\MySQL\\\\MySQL Shell 8.0\\\\bin\\\\;D:\\\\ruanjian1\\\\python\\\\Scripts\\\\;D:\\\\ruanjian1\\\\python\\\\;C:\\\\Users\\\\fofo\\\\AppData\\\\Local\\\\Microsoft\\\\WindowsApps;D:\\\\Tencent\\\\QQGameTempest\\\\Hall.58319\\\\;D:\\\\ruanjian1\\\\pycharm\\\\PyCharm 2025.2.1.1\\\\bin;D:\\\\ruanjian1\\\\vscode\\\\Microsoft VS Code\\\\bin;D:\\\\deveco\\\\DevEco Studio\\\\tools\\\\node;D:\\\\deveco\\\\DevEco Studio\\\\jbr\\\\bin;C:\\\\WINDOWS\\\\system32;C:\\\\WINDOWS;C:\\\\WINDOWS\\\\System32\\\\Wbem;C:\\\\WINDOWS\\\\System32\\\\WindowsPowerShell\\\\v1.0\\\\;C:\\\\WINDOWS\\\\System32\\\\OpenSSH\\\\;C:\\\\Program Files (x86)\\\\NVIDIA Corporation\\\\PhysX\\\\Common;D:\\\\ruanjian\\\\bandzip\\\\Bandizip\\\\;C:\\\\Program Files (x86)\\\\Windows Kits\\\\10\\\\Windows Performance Toolkit\\\\;C:\\\\Program Files\\\\NVIDIA Corporation\\\\NVIDIA app\\\\NvDLISR;D:\\\\MySQL\\\\MySQL Shell 8.0\\\\bin\\\\;D:\\\\ruanjian1\\\\python\\\\Scripts\\\\;D:\\\\ruanjian1\\\\python\\\\;C:\\\\Users\\\\fofo\\\\AppData\\\\Local\\\\Microsoft\\\\WindowsApps;D:\\\\Tencent\\\\QQGameTempest\\\\Hall.58319\\\\;D:\\\\ruanjian1\\\\pycharm\\\\PyCharm 2025.2.1.1\\\\bin;D:\\\\ruanjian1\\\\vscode\\\\Microsoft VS Code\\\\bin',\n    PATHEXT: '.COM;.EXE;.BAT;.CMD;.VBS;.VBE;.JS;.JSE;.WSF;.WSH;.MSC',\n    PROCESSOR_ARCHITECTURE: 'AMD64',\n    PROCESSOR_IDENTIFIER: 'AMD64 Family 25 Model 68 Stepping 1, AuthenticAMD',\n    PROCESSOR_LEVEL: '25',\n    PROCESSOR_REVISION: '4401',\n    ProgramData: 'C:\\\\ProgramData',\n    ProgramFiles: 'C:\\\\Program Files',\n    'ProgramFiles(x86)': 'C:\\\\Program Files (x86)',\n    ProgramW6432: 'C:\\\\Program Files',\n    PSModulePath: '%ProgramFiles%\\\\WindowsPowerShell\\\\Modules;C:\\\\WINDOWS\\\\system32\\\\WindowsPowerShell\\\\v1.0\\\\Modules',\n    PUBLIC: 'C:\\\\Users\\\\Public',\n    PyCharm: 'D:\\\\ruanjian1\\\\pycharm\\\\PyCharm 2025.2.1.1\\\\bin',\n    SystemDrive: 'C:',\n    SystemRoot: 'C:\\\\WINDOWS',\n    TEMP: 'C:\\\\Users\\\\fofo\\\\AppData\\\\Local\\\\Temp',\n    TMP: 'C:\\\\Users\\\\fofo\\\\AppData\\\\Local\\\\Temp',\n    'user.country': 'CN',\n    USERDOMAIN: 'DESKTOP-AHK0Q93',\n    USERDOMAIN_ROAMINGPROFILE: 'DESKTOP-AHK0Q93',\n    USERNAME: 'fofo',\n    USERPROFILE: 'C:\\\\Users\\\\fofo',\n    windir: 'C:\\\\WINDOWS',\n    WORKSPACE_DIR: 'C:\\\\Users\\\\fofo\\\\.hvigor\\\\project_caches\\\\399349dfbfa8e63f0bfc4b4e5b41896f\\\\workspace'\n  },\n  analyze: 'normal'\n}",
        "description": "",
        "type": "log"
      },
      "body": {
        "pid": 18976,
        "tid": "Main Thread",
        "startTime": 24750417991800
      },
      "additional": {
        "logType": "debug",
        "children": []
      }
    },
    {
      "head": {
        "id": "4546b3d4-2dd0-4659-91fe-469ecdbce57d",
        "name": "\"buildFinished\" hook function",
        "description": "",
        "type": "log"
      },
      "body": {
        "pid": 18976,
        "tid": "Main Thread",
        "startTime": 24750416935700,
        "endTime": 24750418109400
      },
      "additional": {
        "logType": "info",
        "children": [],
        "durationId": "0f5a4069-eb36-422e-af16-43b189ce9acd"
      }
    },
    {
      "head": {
        "id": "e6b6a6e8-b4d8-4780-8a9d-01f962d48c25",
        "name": "",
        "description": "",
        "type": "mark"
      },
      "body": {
        "pid": 18976,
        "tid": "Main Thread",
        "startTime": 24747787356300,
        "endTime": 24750418913400
      },
      "additional": {
        "time": {
          "year": 2026,
          "month": 1,
          "day": 4,
          "hour": 18,
          "minute": 56
        },
        "completeCommand": "{\"prop\":[\"product=default\"],\"sync\":true,\"parallel\":true,\"incremental\":true,\"daemon\":false,\"_\":[],\"analyze\":\"normal\"};--sync -p product=default --analyze=normal --parallel --incremental --no-daemon",
        "hvigorVersion": "5.14.3",
        "markType": "history",
        "nodeVersion": "v18.20.1",
        "category": "build",
        "state": "failed"
      }
    },
    {
      "head": {
        "id": "b3959781-6cf5-43af-b523-0d732fc1ded1",
        "name": "BUILD FAILED in 2 s 631 ms ",
        "description": "",
        "type": "log"
      },
      "body": {
        "pid": 18976,
        "tid": "Main Thread",
        "startTime": 24750419019800
      },
      "additional": {
        "logType": "error",
        "children": []
      }
    }
  ]
}