{"D:\\devproject1\\AppScope\\app.json5":{"hashValue":"5ac6fd4fa20c0e66cb3d462b1a05b504","name":"app.json5","path":"D:\\devproject1\\AppScope\\app.json5","type":"file","isSymbolicLink":false,"fileMetaData":{"size":220,"lastModifiedTime":1767015613504}},"D:\\devproject1\\entry\\src\\main\\module.json5":{"hashValue":"c6c20d7629c1cdaf96a639e7e723b55f","name":"module.json5","path":"D:\\devproject1\\entry\\src\\main\\module.json5","type":"file","isSymbolicLink":false,"fileMetaData":{"size":1342,"lastModifiedTime":1767015613539}},"D:\\devproject1\\build-profile.json5":{"hashValue":"f6dda14f9212e55bf5b19d5c69fc53eb","name":"build-profile.json5","path":"D:\\devproject1\\build-profile.json5","type":"file","isSymbolicLink":false,"fileMetaData":{"size":756,"lastModifiedTime":1767015614331}},"D:\\devproject1\\entry\\build-profile.json5":{"hashValue":"1017ef99269f75709eba88d480ed3a4c","name":"build-profile.json5","path":"D:\\devproject1\\entry\\build-profile.json5","type":"file","isSymbolicLink":false,"fileMetaData":{"size":449,"lastModifiedTime":1767015614339}},"D:\\devproject1\\entry\\src\\main\\resources\\base\\profile\\main_pages.json":{"hashValue":"f85cf8c6005b38e079e8ac9ab8b4b43d","name":"main_pages.json","path":"D:\\devproject1\\entry\\src\\main\\resources\\base\\profile\\main_pages.json","type":"file","isSymbolicLink":false,"fileMetaData":{"size":62,"lastModifiedTime":1767094368668}},"D:\\devproject1\\hvigor\\hvigor-config.json5":{"hashValue":"3261982758feed0d3f4696a453512093","name":"hvigor-config.json5","path":"D:\\devproject1\\hvigor\\hvigor-config.json5","type":"file","isSymbolicLink":false,"fileMetaData":{"size":1323,"lastModifiedTime":1767015609603}},"D:\\devproject1\\entry\\src\\mock\\mock-config.json5":{"hashValue":"326675d2d5934d9c9eebb9ce4d012863","name":"mock-config.json5","path":"D:\\devproject1\\entry\\src\\mock\\mock-config.json5","type":"file","isSymbolicLink":false,"fileMetaData":{"size":3,"lastModifiedTime":1767015609880}},"D:\\devproject1\\entry\\oh-package.json5":{"hashValue":"efd86c886c30730d03ff3eb63f2b3889","name":"oh-package.json5","path":"D:\\devproject1\\entry\\oh-package.json5","type":"file","isSymbolicLink":false,"fileMetaData":{"size":183,"lastModifiedTime":1767015609677}},"D:\\devproject1\\oh-package.json5":{"hashValue":"ab0c8bf53af6e94a380532bfb62efdc1","name":"oh-package.json5","path":"D:\\devproject1\\oh-package.json5","type":"file","isSymbolicLink":false,"fileMetaData":{"size":210,"lastModifiedTime":1767015614325}},"D:\\devproject1\\entry\\.preview\\default\\intermediates\\merge_profile\\default\\module.json":{"hashValue":"9b45393e74d5ff70d32226caad5de59d","name":"module.json","path":"D:\\devproject1\\entry\\.preview\\default\\intermediates\\merge_profile\\default\\module.json","type":"file","isSymbolicLink":false,"fileMetaData":{"size":1577,"lastModifiedTime":1767015754527}},"D:\\devproject1\\entry\\.preview\\default\\generated\\profile\\default\\BuildProfile.ets":{"hashValue":"4fa06fe0e7f2f66343b6219459a67a65","name":"BuildProfile.ets","path":"D:\\devproject1\\entry\\.preview\\default\\generated\\profile\\default\\BuildProfile.ets","type":"file","isSymbolicLink":false,"fileMetaData":{"size":868,"lastModifiedTime":1767015754536}},"D:\\devproject1\\entry\\.preview\\default\\intermediates\\loader\\default\\pkgContextInfo.json":{"hashValue":"93df86c1e3e07f8d635cca63a81b66ff","name":"pkgContextInfo.json","path":"D:\\devproject1\\entry\\.preview\\default\\intermediates\\loader\\default\\pkgContextInfo.json","type":"file","isSymbolicLink":false,"fileMetaData":{"size":444,"lastModifiedTime":1767015754551}},"D:\\devproject1\\entry\\.preview\\default\\intermediates\\process_profile\\default\\module.json":{"hashValue":"7fa0cadef72cdffd02fec2deba30d02f","name":"module.json","path":"D:\\devproject1\\entry\\.preview\\default\\intermediates\\process_profile\\default\\module.json","type":"file","isSymbolicLink":false,"fileMetaData":{"size":1663,"lastModifiedTime":1767015754732}},"D:\\devproject1\\entry\\.preview\\default\\intermediates\\router_map\\default\\temp-router-map.json":{"hashValue":"c88dd5578770312f2afb9fa612066f07","name":"temp-router-map.json","path":"D:\\devproject1\\entry\\.preview\\default\\intermediates\\router_map\\default\\temp-router-map.json","type":"file","isSymbolicLink":false,"fileMetaData":{"size":16,"lastModifiedTime":1767015754742}},"D:\\devproject1\\entry\\.preview\\default\\intermediates\\router_map\\default\\loader-router-map.json":{"hashValue":"d65f6061471afd56b7f06b94e90fde3a","name":"loader-router-map.json","path":"D:\\devproject1\\entry\\.preview\\default\\intermediates\\router_map\\default\\loader-router-map.json","type":"file","isSymbolicLink":false,"fileMetaData":{"size":16,"lastModifiedTime":1767015754743}},"D:\\devproject1\\entry\\.preview\\default\\intermediates\\loader\\default\\loader.json":{"hashValue":"3bacdcc382760c5dcbb27ab9e1432b3d","name":"loader.json","path":"D:\\devproject1\\entry\\.preview\\default\\intermediates\\loader\\default\\loader.json","type":"file","isSymbolicLink":false,"fileMetaData":{"size":755,"lastModifiedTime":1767015754775}},"D:\\devproject1\\entry\\src\\main\\resources":{"hashValue":"00b447e2395d6465953f6ef369c3e93b","name":"resources","path":"D:\\devproject1\\entry\\src\\main\\resources","type":"directory","isSymbolicLink":false,"children":[{"hashValue":"07bc863b71d43821014e58c5501bca00","name":"base","path":"D:\\devproject1\\entry\\src\\main\\resources\\base","type":"directory","isSymbolicLink":false,"children":[{"hashValue":"908c46798f40f1061d9b2f4b4343a1cd","name":"element","path":"D:\\devproject1\\entry\\src\\main\\resources\\base\\element","type":"directory","isSymbolicLink":false,"children":[{"hashValue":"14e5533816b7091b38b96a1e27f66f85","name":"color.json","path":"D:\\devproject1\\entry\\src\\main\\resources\\base\\element\\color.json","type":"file","isSymbolicLink":false,"fileMetaData":{"size":105,"lastModifiedTime":1767015609907}},{"hashValue":"b8972ce7d368d61e4880ab6d5c0a01fd","name":"float.json","path":"D:\\devproject1\\entry\\src\\main\\resources\\base\\element\\float.json","type":"file","isSymbolicLink":false,"fileMetaData":{"size":100,"lastModifiedTime":1767015609917}},{"hashValue":"40a7a57c3b23b984f04be3960d5bb4f1","name":"string.json","path":"D:\\devproject1\\entry\\src\\main\\resources\\base\\element\\string.json","type":"file","isSymbolicLink":false,"fileMetaData":{"size":247,"lastModifiedTime":1767015614354}}]},{"hashValue":"ea1563692b9b5dcb22a425dfbe48003c","name":"media","path":"D:\\devproject1\\entry\\src\\main\\resources\\base\\media","type":"directory","isSymbolicLink":false,"children":[{"hashValue":"d5877dc92921a0d83c7676d00f88cdc1","name":"background.png","path":"D:\\devproject1\\entry\\src\\main\\resources\\base\\media\\background.png","type":"file","isSymbolicLink":false,"fileMetaData":{"size":91942,"lastModifiedTime":1767015609931}},{"hashValue":"19ee79bae3d8577edc9d2ad2b76a092b","name":"foreground.png","path":"D:\\devproject1\\entry\\src\\main\\resources\\base\\media\\foreground.png","type":"file","isSymbolicLink":false,"fileMetaData":{"size":8805,"lastModifiedTime":1767015610011}},{"hashValue":"b9320d5546c4ba0d07907824ac5badde","name":"layered_image.json","path":"D:\\devproject1\\entry\\src\\main\\resources\\base\\media\\layered_image.json","type":"file","isSymbolicLink":false,"fileMetaData":{"size":109,"lastModifiedTime":1767015610017}},{"hashValue":"c68210293534a7eff0eae5fabbafc5f8","name":"startIcon.png","path":"D:\\devproject1\\entry\\src\\main\\resources\\base\\media\\startIcon.png","type":"file","isSymbolicLink":false,"fileMetaData":{"size":20093,"lastModifiedTime":1767015610028}}]},{"hashValue":"d97889ccec51f115a21bc4b7208ea385","name":"profile","path":"D:\\devproject1\\entry\\src\\main\\resources\\base\\profile","type":"directory","isSymbolicLink":false,"children":[{"hashValue":"8e8e02a0de9b637e27f44c4463fc3c6d","name":"backup_config.json","path":"D:\\devproject1\\entry\\src\\main\\resources\\base\\profile\\backup_config.json","type":"file","isSymbolicLink":false,"fileMetaData":{"size":36,"lastModifiedTime":1767015610098}},{"hashValue":"f85cf8c6005b38e079e8ac9ab8b4b43d","name":"main_pages.json","path":"D:\\devproject1\\entry\\src\\main\\resources\\base\\profile\\main_pages.json","type":"file","isSymbolicLink":false,"fileMetaData":{"size":62,"lastModifiedTime":1767094368668}}]}]},{"hashValue":"b1a87904fb345ab8aa3c19b9ad9aa92f","name":"dark","path":"D:\\devproject1\\entry\\src\\main\\resources\\dark","type":"directory","isSymbolicLink":false,"children":[{"hashValue":"bd6efd9f6885dcbc44bba51b08ec12d8","name":"element","path":"D:\\devproject1\\entry\\src\\main\\resources\\dark\\element","type":"directory","isSymbolicLink":false,"children":[{"hashValue":"36be34f06f3e1d4be2543111aa70b4a9","name":"color.json","path":"D:\\devproject1\\entry\\src\\main\\resources\\dark\\element\\color.json","type":"file","isSymbolicLink":false,"fileMetaData":{"size":105,"lastModifiedTime":1767015610079}}]}]},{"hashValue":"","name":"rawfile","path":"D:\\devproject1\\entry\\src\\main\\resources\\rawfile","type":"directory","isSymbolicLink":false,"children":[]}]},"D:\\devproject1\\entry\\.preview\\default\\intermediates\\res\\default":{"hashValue":"34ac6bef64e9c065afe0d519f2caceec","name":"default","path":"D:\\devproject1\\entry\\.preview\\default\\intermediates\\res\\default","type":"directory","isSymbolicLink":false,"children":[{"hashValue":"fccb7e8aa1209bad215ebb94badbc3f2","name":"app_compiled","path":"D:\\devproject1\\entry\\.preview\\default\\intermediates\\res\\default\\app_compiled","type":"directory","isSymbolicLink":false,"children":[{"hashValue":"08885ec85c60aa6121f965bb4ef88ff3","name":"13004424400727115190","path":"D:\\devproject1\\entry\\.preview\\default\\intermediates\\res\\default\\app_compiled\\13004424400727115190","type":"file","isSymbolicLink":false,"fileMetaData":{"size":107,"lastModifiedTime":1767015754858}},{"hashValue":"a0dd0e08a0166c755a721fec274d9aa3","name":"1863187532218301780","path":"D:\\devproject1\\entry\\.preview\\default\\intermediates\\res\\default\\app_compiled\\1863187532218301780","type":"file","isSymbolicLink":false,"fileMetaData":{"size":154,"lastModifiedTime":1767015754858}}]},{"hashValue":"9e31750abc1e70c94d4fdf408b862833","name":"ids_map","path":"D:\\devproject1\\entry\\.preview\\default\\intermediates\\res\\default\\ids_map","type":"directory","isSymbolicLink":false,"children":[{"hashValue":"d96c1be9992d6124e5354c4b209facd9","name":"id_defined.json","path":"D:\\devproject1\\entry\\.preview\\default\\intermediates\\res\\default\\ids_map\\id_defined.json","type":"file","isSymbolicLink":false,"fileMetaData":{"size":1024,"lastModifiedTime":1767015754966}}]},{"hashValue":"072437063b0db6728ba73eefa3a5bedf","name":"mock-config.json","path":"D:\\devproject1\\entry\\.preview\\default\\intermediates\\res\\default\\mock-config.json","type":"file","isSymbolicLink":false,"fileMetaData":{"size":2,"lastModifiedTime":1767015776160}},{"hashValue":"79473f54a9430b281e07dcbee1717a91","name":"module_compiled","path":"D:\\devproject1\\entry\\.preview\\default\\intermediates\\res\\default\\module_compiled","type":"directory","isSymbolicLink":false,"children":[{"hashValue":"03ce9fbe8812a5f692b18ab894c1551c","name":"1165571820031184075","path":"D:\\devproject1\\entry\\.preview\\default\\intermediates\\res\\default\\module_compiled\\1165571820031184075","type":"file","isSymbolicLink":false,"fileMetaData":{"size":129,"lastModifiedTime":1767015754900}},{"hashValue":"c27925b5299e22ca5e041e8ff3e6977d","name":"12713253869436383460","path":"D:\\devproject1\\entry\\.preview\\default\\intermediates\\res\\default\\module_compiled\\12713253869436383460","type":"file","isSymbolicLink":false,"fileMetaData":{"size":169,"lastModifiedTime":1767015754898}},{"hashValue":"6b14d76c0b42a3ad8158d4f9c9d07f31","name":"14448880189579101573","path":"D:\\devproject1\\entry\\.preview\\default\\intermediates\\res\\default\\module_compiled\\14448880189579101573","type":"file","isSymbolicLink":false,"fileMetaData":{"size":121,"lastModifiedTime":1767015754896}},{"hashValue":"918cfa10bd124863c819017afaba30c0","name":"16461029218120588053","path":"D:\\devproject1\\entry\\.preview\\default\\intermediates\\res\\default\\module_compiled\\16461029218120588053","type":"file","isSymbolicLink":false,"fileMetaData":{"size":172,"lastModifiedTime":1767015754897}},{"hashValue":"3b4d1e1a2e2f3256c02ca21cf0e6cc1a","name":"17922446619450175257","path":"D:\\devproject1\\entry\\.preview\\default\\intermediates\\res\\default\\module_compiled\\17922446619450175257","type":"file","isSymbolicLink":false,"fileMetaData":{"size":179,"lastModifiedTime":1767015754899}},{"hashValue":"3737fa8b253aeaae8f363dfe67d9973f","name":"1846359503385983121","path":"D:\\devproject1\\entry\\.preview\\default\\intermediates\\res\\default\\module_compiled\\1846359503385983121","type":"file","isSymbolicLink":false,"fileMetaData":{"size":356,"lastModifiedTime":1767015754896}},{"hashValue":"31ed6f064669a233f8c001f9bf9a4fe8","name":"5126481214543913781","path":"D:\\devproject1\\entry\\.preview\\default\\intermediates\\res\\default\\module_compiled\\5126481214543913781","type":"file","isSymbolicLink":false,"fileMetaData":{"size":172,"lastModifiedTime":1767015754897}},{"hashValue":"26875218c0ff0f10ef9a8dce2cdfbed5","name":"6923525830166550821","path":"D:\\devproject1\\entry\\.preview\\default\\intermediates\\res\\default\\module_compiled\\6923525830166550821","type":"file","isSymbolicLink":false,"fileMetaData":{"size":184,"lastModifiedTime":1767015754898}},{"hashValue":"fedce1ebea292114f69e2499e2596366","name":"7096963871713773573","path":"D:\\devproject1\\entry\\.preview\\default\\intermediates\\res\\default\\module_compiled\\7096963871713773573","type":"file","isSymbolicLink":false,"fileMetaData":{"size":114,"lastModifiedTime":1767015754896}},{"hashValue":"5d7cdb0ba9ce87115f5e6e153cb9d539","name":"8949612900048647472","path":"D:\\devproject1\\entry\\.preview\\default\\intermediates\\res\\default\\module_compiled\\8949612900048647472","type":"file","isSymbolicLink":false,"fileMetaData":{"size":188,"lastModifiedTime":1767015754899}}]},{"hashValue":"44c560d2e343d7c2bbc1fd4a053034c0","name":"module.json","path":"D:\\devproject1\\entry\\.preview\\default\\intermediates\\res\\default\\module.json","type":"file","isSymbolicLink":false,"fileMetaData":{"size":1601,"lastModifiedTime":1767015755037}},{"hashValue":"02b1444ce40a97bccb83e6e7c711f47f","name":"resources","path":"D:\\devproject1\\entry\\.preview\\default\\intermediates\\res\\default\\resources","type":"directory","isSymbolicLink":false,"children":[{"hashValue":"3b26f6dee4a10f72af91eba4db8c2d9f","name":"base","path":"D:\\devproject1\\entry\\.preview\\default\\intermediates\\res\\default\\resources\\base","type":"directory","isSymbolicLink":false,"children":[{"hashValue":"1c56e5062c46c01f7c5521b1c21ed78a","name":"media","path":"D:\\devproject1\\entry\\.preview\\default\\intermediates\\res\\default\\resources\\base\\media","type":"directory","isSymbolicLink":false,"children":[{"hashValue":"66cd951b7818600a10b0bbe1a8210e0c","name":"layered_image.json","path":"D:\\devproject1\\entry\\.preview\\default\\intermediates\\res\\default\\resources\\base\\media\\layered_image.json","type":"file","isSymbolicLink":false,"fileMetaData":{"size":95,"lastModifiedTime":1767015754965}}]},{"hashValue":"a67fcd47fb9a971fd9ea98b58739b204","name":"profile","path":"D:\\devproject1\\entry\\.preview\\default\\intermediates\\res\\default\\resources\\base\\profile","type":"directory","isSymbolicLink":false,"children":[{"hashValue":"8e8e02a0de9b637e27f44c4463fc3c6d","name":"backup_config.json","path":"D:\\devproject1\\entry\\.preview\\default\\intermediates\\res\\default\\resources\\base\\profile\\backup_config.json","type":"file","isSymbolicLink":false,"fileMetaData":{"size":36,"lastModifiedTime":1767015610098}},{"hashValue":"c5ac68944af24cc29d6c6f2c08e43e50","name":"main_pages.json","path":"D:\\devproject1\\entry\\.preview\\default\\intermediates\\res\\default\\resources\\base\\profile\\main_pages.json","type":"file","isSymbolicLink":false,"fileMetaData":{"size":24,"lastModifiedTime":1767015755008}}]}]}]},{"hashValue":"e90a42e67282da32f793f0fefb00de3b","name":"resources.index","path":"D:\\devproject1\\entry\\.preview\\default\\intermediates\\res\\default\\resources.index","type":"file","isSymbolicLink":false,"fileMetaData":{"size":1298,"lastModifiedTime":1767015754965}},{"hashValue":"02b05bd9b89799cf96fb9dafaaf9f8e2","name":"ResourceTable.txt","path":"D:\\devproject1\\entry\\.preview\\default\\intermediates\\res\\default\\ResourceTable.txt","type":"file","isSymbolicLink":false,"fileMetaData":{"size":410,"lastModifiedTime":1767015754967}}]},"D:\\devproject1\\entry\\.preview\\default\\generated\\r\\default":{"hashValue":"b2dfad61423c0e96d32a15c090b3bd31","name":"default","path":"D:\\devproject1\\entry\\.preview\\default\\generated\\r\\default","type":"directory","isSymbolicLink":false,"children":[{"hashValue":"55117747b9d43045159e111b1846f2fb","name":"ResourceTable.h","path":"D:\\devproject1\\entry\\.preview\\default\\generated\\r\\default\\ResourceTable.h","type":"file","isSymbolicLink":false,"fileMetaData":{"size":1337,"lastModifiedTime":1767015754967}}]},"D:\\devproject1\\entry\\src\\main\\resources\\base\\profile":{"hashValue":"e732b881b397a1cf9ee8ab6cc68fcb66","name":"profile","path":"D:\\devproject1\\entry\\src\\main\\resources\\base\\profile","type":"directory","isSymbolicLink":false,"children":[{"hashValue":"8e8e02a0de9b637e27f44c4463fc3c6d","name":"backup_config.json","path":"D:\\devproject1\\entry\\src\\main\\resources\\base\\profile\\backup_config.json","type":"file","isSymbolicLink":false,"fileMetaData":{"size":36,"lastModifiedTime":1767015610098}},{"hashValue":"abec1ba4fa114e9a41dcc215d993677e","name":"main_pages.json","path":"D:\\devproject1\\entry\\src\\main\\resources\\base\\profile\\main_pages.json","type":"file","isSymbolicLink":false,"fileMetaData":{"size":37,"lastModifiedTime":1767015610053}}]},"D:\\devproject1\\entry\\.preview\\default\\intermediates\\res\\default\\resources\\base\\profile":{"hashValue":"a67fcd47fb9a971fd9ea98b58739b204","name":"profile","path":"D:\\devproject1\\entry\\.preview\\default\\intermediates\\res\\default\\resources\\base\\profile","type":"directory","isSymbolicLink":false,"children":[{"hashValue":"8e8e02a0de9b637e27f44c4463fc3c6d","name":"backup_config.json","path":"D:\\devproject1\\entry\\.preview\\default\\intermediates\\res\\default\\resources\\base\\profile\\backup_config.json","type":"file","isSymbolicLink":false,"fileMetaData":{"size":36,"lastModifiedTime":1767015610098}},{"hashValue":"c5ac68944af24cc29d6c6f2c08e43e50","name":"main_pages.json","path":"D:\\devproject1\\entry\\.preview\\default\\intermediates\\res\\default\\resources\\base\\profile\\main_pages.json","type":"file","isSymbolicLink":false,"fileMetaData":{"size":24,"lastModifiedTime":1767015755008}}]},"D:\\devproject1\\entry\\.preview\\default\\intermediates\\res\\default\\module.json":{"hashValue":"44c560d2e343d7c2bbc1fd4a053034c0","name":"module.json","path":"D:\\devproject1\\entry\\.preview\\default\\intermediates\\res\\default\\module.json","type":"file","isSymbolicLink":false,"fileMetaData":{"size":1601,"lastModifiedTime":1767015755037}},"D:\\devproject1\\entry\\.preview\\default\\intermediates\\res\\default\\resources\\base\\profile\\main_pages.json":{"hashValue":"c5ac68944af24cc29d6c6f2c08e43e50","name":"main_pages.json","path":"D:\\devproject1\\entry\\.preview\\default\\intermediates\\res\\default\\resources\\base\\profile\\main_pages.json","type":"file","isSymbolicLink":false,"fileMetaData":{"size":24,"lastModifiedTime":1767015755008}},"D:\\devproject1\\entry\\.preview\\default\\intermediates\\loader\\default":{"hashValue":"afdf73b25fa326b028e822a91797a476","name":"default","path":"D:\\devproject1\\entry\\.preview\\default\\intermediates\\loader\\default","type":"directory","isSymbolicLink":false,"children":[{"hashValue":"3bacdcc382760c5dcbb27ab9e1432b3d","name":"loader.json","path":"D:\\devproject1\\entry\\.preview\\default\\intermediates\\loader\\default\\loader.json","type":"file","isSymbolicLink":false,"fileMetaData":{"size":755,"lastModifiedTime":1767015754775}},{"hashValue":"93df86c1e3e07f8d635cca63a81b66ff","name":"pkgContextInfo.json","path":"D:\\devproject1\\entry\\.preview\\default\\intermediates\\loader\\default\\pkgContextInfo.json","type":"file","isSymbolicLink":false,"fileMetaData":{"size":444,"lastModifiedTime":1767015754551}}]},"D:\\devproject1\\entry\\.preview\\default\\intermediates\\res\\default\\ResourceTable.txt":{"hashValue":"02b05bd9b89799cf96fb9dafaaf9f8e2","name":"ResourceTable.txt","path":"D:\\devproject1\\entry\\.preview\\default\\intermediates\\res\\default\\ResourceTable.txt","type":"file","isSymbolicLink":false,"fileMetaData":{"size":410,"lastModifiedTime":1767015754967}},"D:\\devproject1\\entry\\src\\main\\ets":{"hashValue":"61c705ba17018bedfe78c6fb2f5fe4a0","name":"ets","path":"D:\\devproject1\\entry\\src\\main\\ets","type":"directory","isSymbolicLink":false,"children":[{"hashValue":"6e2f85c5722bd1dc30765aa1c62d2b93","name":"entryability","path":"D:\\devproject1\\entry\\src\\main\\ets\\entryability","type":"directory","isSymbolicLink":false,"children":[{"hashValue":"68bfcdf34dbcd1e8d4b6ac5d9b1b9240","name":"EntryAbility.ets","path":"D:\\devproject1\\entry\\src\\main\\ets\\entryability\\EntryAbility.ets","type":"file","isSymbolicLink":false,"fileMetaData":{"size":1671,"lastModifiedTime":1767105509470}}]},{"hashValue":"200ffef8083d1ffd0cd3420d9fced88f","name":"entrybackupability","path":"D:\\devproject1\\entry\\src\\main\\ets\\entrybackupability","type":"directory","isSymbolicLink":false,"children":[{"hashValue":"452ff5945aac4ac4e5cfdc7c3b3cb0b9","name":"EntryBackupAbility.ets","path":"D:\\devproject1\\entry\\src\\main\\ets\\entrybackupability\\EntryBackupAbility.ets","type":"file","isSymbolicLink":false,"fileMetaData":{"size":522,"lastModifiedTime":1767015614346}}]},{"hashValue":"a943f398939ffb4e39c0cbee3646febe","name":"model","path":"D:\\devproject1\\entry\\src\\main\\ets\\model","type":"directory","isSymbolicLink":false,"children":[{"hashValue":"1ecc87c0a68b5dd8402d87b6f4f5d259","name":"BookModel.ets","path":"D:\\devproject1\\entry\\src\\main\\ets\\model\\BookModel.ets","type":"file","isSymbolicLink":false,"fileMetaData":{"size":310,"lastModifiedTime":1767456091355}},{"hashValue":"98b011fca6fe965501557403f101b0c8","name":"DatabaseManager.ets","path":"D:\\devproject1\\entry\\src\\main\\ets\\model\\DatabaseManager.ets","type":"file","isSymbolicLink":false,"fileMetaData":{"size":2244,"lastModifiedTime":1767452021117}},{"hashValue":"dcd7e7dd396205d2dc54787067542501","name":"DataFactory.ets","path":"D:\\devproject1\\entry\\src\\main\\ets\\model\\DataFactory.ets","type":"file","isSymbolicLink":false,"fileMetaData":{"size":1364,"lastModifiedTime":1767457905204}}]},{"hashValue":"b816bac6a252a149614f959d6df15d49","name":"pages","path":"D:\\devproject1\\entry\\src\\main\\ets\\pages","type":"directory","isSymbolicLink":false,"children":[{"hashValue":"13f79c2a00557b9e7f2ba759df024763","name":"LoginPage.ets","path":"D:\\devproject1\\entry\\src\\main\\ets\\pages\\LoginPage.ets","type":"file","isSymbolicLink":false,"fileMetaData":{"size":2562,"lastModifiedTime":1767104846708}},{"hashValue":"f45239ca0d3f38471f6297d6c88863e2","name":"MainPage.ets","path":"D:\\devproject1\\entry\\src\\main\\ets\\pages\\MainPage.ets","type":"file","isSymbolicLink":false,"fileMetaData":{"size":10895,"lastModifiedTime":1767506072476}}]},{"hashValue":"82cf4eeded71d6744b80c003793e6b7a","name":"view","path":"D:\\devproject1\\entry\\src\\main\\ets\\view","type":"directory","isSymbolicLink":false,"children":[{"hashValue":"811e94cf27526c8383788bd5cb30d3cd","name":"BorrowDialog.ets","path":"D:\\devproject1\\entry\\src\\main\\ets\\view\\BorrowDialog.ets","type":"file","isSymbolicLink":false,"fileMetaData":{"size":1025,"lastModifiedTime":1767451154832}}]}]},"D:\\devproject1\\entry\\build\\default\\intermediates\\hap_metadata\\default\\output_metadata.json":{"hashValue":"711843bece255d66d19c1d6eeb6bd1c3","name":"output_metadata.json","path":"D:\\devproject1\\entry\\build\\default\\intermediates\\hap_metadata\\default\\output_metadata.json","type":"file","isSymbolicLink":false,"fileMetaData":{"size":100,"lastModifiedTime":1767504046598}},"D:\\devproject1\\entry\\build\\default\\intermediates\\merge_profile\\default\\module.json":{"hashValue":"b8be5e40aa89c77d311fc1400a60cd17","name":"module.json","path":"D:\\devproject1\\entry\\build\\default\\intermediates\\merge_profile\\default\\module.json","type":"file","isSymbolicLink":false,"fileMetaData":{"size":1577,"lastModifiedTime":1767504046608}},"D:\\devproject1\\entry\\build\\default\\generated\\profile\\default\\BuildProfile.ets":{"hashValue":"a9f5332f71421001d064069a849c2795","name":"BuildProfile.ets","path":"D:\\devproject1\\entry\\build\\default\\generated\\profile\\default\\BuildProfile.ets","type":"file","isSymbolicLink":false,"fileMetaData":{"size":868,"lastModifiedTime":1767504046614}},"D:\\devproject1\\entry\\build\\default\\intermediates\\loader\\default\\pkgContextInfo.json":{"hashValue":"9f60150e8e0397b20e9b2615745d5700","name":"pkgContextInfo.json","path":"D:\\devproject1\\entry\\build\\default\\intermediates\\loader\\default\\pkgContextInfo.json","type":"file","isSymbolicLink":false,"fileMetaData":{"size":444,"lastModifiedTime":1767504046625}},"D:\\devproject1\\entry\\src\\main\\resources\\base\\profile\\backup_config.json":{"hashValue":"8e8e02a0de9b637e27f44c4463fc3c6d","name":"backup_config.json","path":"D:\\devproject1\\entry\\src\\main\\resources\\base\\profile\\backup_config.json","type":"file","isSymbolicLink":false,"fileMetaData":{"size":36,"lastModifiedTime":1767015610098}},"D:\\devproject1\\entry\\build\\default\\outputs\\default\\pack.info":{"hashValue":"af0c469ca8f8f87a57db68b0037cd89b","name":"pack.info","path":"D:\\devproject1\\entry\\build\\default\\outputs\\default\\pack.info","type":"file","isSymbolicLink":false,"fileMetaData":{"size":642,"lastModifiedTime":1767504046641}},"D:\\deveco\\DevEco Studio\\sdk\\default\\openharmony\\toolchains\\syscap_tool.exe":{"hashValue":"ed81bbed6724c038df807d21c5bc77d4","name":"syscap_tool.exe","path":"D:\\deveco\\DevEco Studio\\sdk\\default\\openharmony\\toolchains\\syscap_tool.exe","type":"file","isSymbolicLink":false,"fileMetaData":{"size":347648,"lastModifiedTime":1739248126000}},"D:\\deveco\\DevEco Studio\\sdk\\default\\openharmony\\ets\\api\\device-define":{"hashValue":"8f7d7690a6f824c2b8023752c98497d7","name":"device-define","path":"D:\\deveco\\DevEco Studio\\sdk\\default\\openharmony\\ets\\api\\device-define","type":"directory","isSymbolicLink":false,"children":[{"hashValue":"931efd1cf3777eecad98ffff08c88962","name":"default.json","path":"D:\\deveco\\DevEco Studio\\sdk\\default\\openharmony\\ets\\api\\device-define\\default.json","type":"file","isSymbolicLink":false,"fileMetaData":{"size":12477,"lastModifiedTime":1739248126000}},{"hashValue":"70dee1e10d7b7fad617f2af5e82843bc","name":"liteWearable.json","path":"D:\\deveco\\DevEco Studio\\sdk\\default\\openharmony\\ets\\api\\device-define\\liteWearable.json","type":"file","isSymbolicLink":false,"fileMetaData":{"size":883,"lastModifiedTime":1739248126000}},{"hashValue":"95bc64826f199bdac1a458be0065f32e","name":"tablet.json","path":"D:\\deveco\\DevEco Studio\\sdk\\default\\openharmony\\ets\\api\\device-define\\tablet.json","type":"file","isSymbolicLink":false,"fileMetaData":{"size":11990,"lastModifiedTime":1739248126000}},{"hashValue":"8fb197132a73ac40fe851c828892c536","name":"wearable.json","path":"D:\\deveco\\DevEco Studio\\sdk\\default\\openharmony\\ets\\api\\device-define\\wearable.json","type":"file","isSymbolicLink":false,"fileMetaData":{"size":12130,"lastModifiedTime":1739248126000}}]},"D:\\devproject1\\entry\\build\\default\\intermediates\\process_profile\\default\\module.json":{"hashValue":"a137175ca6c9284871e4e869eb5748af","name":"module.json","path":"D:\\devproject1\\entry\\build\\default\\intermediates\\process_profile\\default\\module.json","type":"file","isSymbolicLink":false,"fileMetaData":{"size":1663,"lastModifiedTime":1767504046738}},"D:\\devproject1\\entry\\build\\default\\intermediates\\router_map\\default\\temp-router-map.json":{"hashValue":"457e47beb79e5de20b18c36f680f0b05","name":"temp-router-map.json","path":"D:\\devproject1\\entry\\build\\default\\intermediates\\router_map\\default\\temp-router-map.json","type":"file","isSymbolicLink":false,"fileMetaData":{"size":16,"lastModifiedTime":1767504046747}},"D:\\devproject1\\entry\\build\\default\\intermediates\\router_map\\default\\loader-router-map.json":{"hashValue":"951a069eeaddcd80f6b8675cb26b8a79","name":"loader-router-map.json","path":"D:\\devproject1\\entry\\build\\default\\intermediates\\router_map\\default\\loader-router-map.json","type":"file","isSymbolicLink":false,"fileMetaData":{"size":16,"lastModifiedTime":1767504046748}},"D:\\devproject1\\entry\\build\\default\\intermediates\\res\\default\\resConfig.json":{"hashValue":"b062d10d9e23092d1e6d8e8f35c8f04a","name":"resConfig.json","path":"D:\\devproject1\\entry\\build\\default\\intermediates\\res\\default\\resConfig.json","type":"file","isSymbolicLink":false,"fileMetaData":{"size":907,"lastModifiedTime":1767504046761}},"D:\\devproject1\\entry\\build\\default\\intermediates\\res\\default\\opt-compression.json":{"hashValue":"bebb0c23a98a80a96641e78ad6ada639","name":"opt-compression.json","path":"D:\\devproject1\\entry\\build\\default\\intermediates\\res\\default\\opt-compression.json","type":"file","isSymbolicLink":false,"fileMetaData":{"size":180,"lastModifiedTime":1767504046761}},"D:\\devproject1\\entry\\build\\default\\intermediates\\loader\\default\\loader.json":{"hashValue":"a197c002dfbb120d1e719dbd32fb9a1c","name":"loader.json","path":"D:\\devproject1\\entry\\build\\default\\intermediates\\loader\\default\\loader.json","type":"file","isSymbolicLink":false,"fileMetaData":{"size":831,"lastModifiedTime":1767504046784}},"D:\\devproject1\\entry\\build\\default\\intermediates\\libs\\default":{"hashValue":"","name":"default","path":"D:\\devproject1\\entry\\build\\default\\intermediates\\libs\\default","type":"directory","isSymbolicLink":false,"children":[]},"D:\\devproject1\\AppScope\\resources":{"hashValue":"d89113056bd78516f4a221ab3916cc35","name":"resources","path":"D:\\devproject1\\AppScope\\resources","type":"directory","isSymbolicLink":false,"children":[{"hashValue":"887e5e0ea1cbf76a7ee5d784374d7747","name":"base","path":"D:\\devproject1\\AppScope\\resources\\base","type":"directory","isSymbolicLink":false,"children":[{"hashValue":"526fa642e5c1e4347706f11b27e1969f","name":"element","path":"D:\\devproject1\\AppScope\\resources\\base\\element","type":"directory","isSymbolicLink":false,"children":[{"hashValue":"0fa42e4c616afa5443248a25223e9322","name":"string.json","path":"D:\\devproject1\\AppScope\\resources\\base\\element\\string.json","type":"file","isSymbolicLink":false,"fileMetaData":{"size":99,"lastModifiedTime":1767015609640}}]},{"hashValue":"e46664eaa02968868d13f9ce6babf0da","name":"media","path":"D:\\devproject1\\AppScope\\resources\\base\\media","type":"directory","isSymbolicLink":false,"children":[{"hashValue":"eb72aadc5e263be5e76b1da1286592d6","name":"app_icon.png","path":"D:\\devproject1\\AppScope\\resources\\base\\media\\app_icon.png","type":"file","isSymbolicLink":false,"fileMetaData":{"size":2777,"lastModifiedTime":1767015609630}}]}]}]},"D:\\devproject1\\entry\\build\\default\\intermediates\\res\\default":{"hashValue":"c5c47e49151d3875a5dbc7518f37b5c8","name":"default","path":"D:\\devproject1\\entry\\build\\default\\intermediates\\res\\default","type":"directory","isSymbolicLink":false,"children":[{"hashValue":"903d2cfed7b7b6a003f86ddc78c749ea","name":".caches","path":"D:\\devproject1\\entry\\build\\default\\intermediates\\res\\default\\.caches","type":"directory","isSymbolicLink":false,"children":[{"hashValue":"92b28e76ad897e28a3ffc47d6a86659b","name":"base","path":"D:\\devproject1\\entry\\build\\default\\intermediates\\res\\default\\.caches\\base","type":"directory","isSymbolicLink":false,"children":[{"hashValue":"dba61fb8731e548aabe415d8f2eb7fa2","name":"media","path":"D:\\devproject1\\entry\\build\\default\\intermediates\\res\\default\\.caches\\base\\media","type":"directory","isSymbolicLink":false,"children":[{"hashValue":"99c4604ac776bbd454f48422148cd878","name":"background.png","path":"D:\\devproject1\\entry\\build\\default\\intermediates\\res\\default\\.caches\\base\\media\\background.png","type":"file","isSymbolicLink":false,"fileMetaData":{"size":70283,"lastModifiedTime":1767504046941}},{"hashValue":"220ed0f8ea52334b93e78e69693284d1","name":"foreground.png","path":"D:\\devproject1\\entry\\build\\default\\intermediates\\res\\default\\.caches\\base\\media\\foreground.png","type":"file","isSymbolicLink":false,"fileMetaData":{"size":9325,"lastModifiedTime":1767504046976}}]}]}]},{"hashValue":"835a4ab0d6610604343b72801542da70","name":"ark_module.json","path":"D:\\devproject1\\entry\\build\\default\\intermediates\\res\\default\\ark_module.json","type":"file","isSymbolicLink":false,"fileMetaData":{"size":1318,"lastModifiedTime":1767504046737}},{"hashValue":"ccd4208cd90dcecb5a4d657387cb2406","name":"ids_map","path":"D:\\devproject1\\entry\\build\\default\\intermediates\\res\\default\\ids_map","type":"directory","isSymbolicLink":false,"children":[{"hashValue":"39600fe9f1bd3729ee6669b607e5e897","name":"id_defined.json","path":"D:\\devproject1\\entry\\build\\default\\intermediates\\res\\default\\ids_map\\id_defined.json","type":"file","isSymbolicLink":false,"fileMetaData":{"size":1024,"lastModifiedTime":1767504046978}}]},{"hashValue":"73dd5a399e18202b7e0016d7265f5e20","name":"module.json","path":"D:\\devproject1\\entry\\build\\default\\intermediates\\res\\default\\module.json","type":"file","isSymbolicLink":false,"fileMetaData":{"size":1843,"lastModifiedTime":1767504046903}},{"hashValue":"bebb0c23a98a80a96641e78ad6ada639","name":"opt-compression.json","path":"D:\\devproject1\\entry\\build\\default\\intermediates\\res\\default\\opt-compression.json","type":"file","isSymbolicLink":false,"fileMetaData":{"size":180,"lastModifiedTime":1767504046761}},{"hashValue":"b062d10d9e23092d1e6d8e8f35c8f04a","name":"resConfig.json","path":"D:\\devproject1\\entry\\build\\default\\intermediates\\res\\default\\resConfig.json","type":"file","isSymbolicLink":false,"fileMetaData":{"size":907,"lastModifiedTime":1767504046761}},{"hashValue":"fa5dd981ee51001b6779c65faa71034e","name":"resources","path":"D:\\devproject1\\entry\\build\\default\\intermediates\\res\\default\\resources","type":"directory","isSymbolicLink":false,"children":[{"hashValue":"a30eef3fbcbc2e78da4ad58291800707","name":"base","path":"D:\\devproject1\\entry\\build\\default\\intermediates\\res\\default\\resources\\base","type":"directory","isSymbolicLink":false,"children":[{"hashValue":"478c5e0d1cef57890dd982af1416d6a6","name":"media","path":"D:\\devproject1\\entry\\build\\default\\intermediates\\res\\default\\resources\\base\\media","type":"directory","isSymbolicLink":false,"children":[{"hashValue":"eb72aadc5e263be5e76b1da1286592d6","name":"app_icon.png","path":"D:\\devproject1\\entry\\build\\default\\intermediates\\res\\default\\resources\\base\\media\\app_icon.png","type":"file","isSymbolicLink":false,"fileMetaData":{"size":2777,"lastModifiedTime":1767015609630}},{"hashValue":"99c4604ac776bbd454f48422148cd878","name":"background.png","path":"D:\\devproject1\\entry\\build\\default\\intermediates\\res\\default\\resources\\base\\media\\background.png","type":"file","isSymbolicLink":false,"fileMetaData":{"size":70283,"lastModifiedTime":1767504046941}},{"hashValue":"220ed0f8ea52334b93e78e69693284d1","name":"foreground.png","path":"D:\\devproject1\\entry\\build\\default\\intermediates\\res\\default\\resources\\base\\media\\foreground.png","type":"file","isSymbolicLink":false,"fileMetaData":{"size":9325,"lastModifiedTime":1767504046976}},{"hashValue":"c294a42487b19f11e4bd4e53baf60da0","name":"layered_image.json","path":"D:\\devproject1\\entry\\build\\default\\intermediates\\res\\default\\resources\\base\\media\\layered_image.json","type":"file","isSymbolicLink":false,"fileMetaData":{"size":95,"lastModifiedTime":1767504046901}},{"hashValue":"c68210293534a7eff0eae5fabbafc5f8","name":"startIcon.png","path":"D:\\devproject1\\entry\\build\\default\\intermediates\\res\\default\\resources\\base\\media\\startIcon.png","type":"file","isSymbolicLink":false,"fileMetaData":{"size":20093,"lastModifiedTime":1767015610028}}]},{"hashValue":"d97889ccec51f115a21bc4b7208ea385","name":"profile","path":"D:\\devproject1\\entry\\build\\default\\intermediates\\res\\default\\resources\\base\\profile","type":"directory","isSymbolicLink":false,"children":[{"hashValue":"8e8e02a0de9b637e27f44c4463fc3c6d","name":"backup_config.json","path":"D:\\devproject1\\entry\\build\\default\\intermediates\\res\\default\\resources\\base\\profile\\backup_config.json","type":"file","isSymbolicLink":false,"fileMetaData":{"size":36,"lastModifiedTime":1767015610098}},{"hashValue":"f85cf8c6005b38e079e8ac9ab8b4b43d","name":"main_pages.json","path":"D:\\devproject1\\entry\\build\\default\\intermediates\\res\\default\\resources\\base\\profile\\main_pages.json","type":"file","isSymbolicLink":false,"fileMetaData":{"size":62,"lastModifiedTime":1767094368668}}]}]},{"hashValue":"","name":"rawfile","path":"D:\\devproject1\\entry\\build\\default\\intermediates\\res\\default\\resources\\rawfile","type":"directory","isSymbolicLink":false,"children":[]}]},{"hashValue":"b489653f2d7f0ed8bc04f0eaf87b3bfc","name":"resources.index","path":"D:\\devproject1\\entry\\build\\default\\intermediates\\res\\default\\resources.index","type":"file","isSymbolicLink":false,"fileMetaData":{"size":1102,"lastModifiedTime":1767504046978}},{"hashValue":"10cc9bcf5b75c6f3895df6f01476ab5b","name":"ResourceTable.txt","path":"D:\\devproject1\\entry\\build\\default\\intermediates\\res\\default\\ResourceTable.txt","type":"file","isSymbolicLink":false,"fileMetaData":{"size":410,"lastModifiedTime":1767504046901}}]},"D:\\devproject1\\entry\\build\\default\\generated\\r\\default\\ResourceTable.h":{"hashValue":"4ebde58491d02a3e98c383ee5cac8c84","name":"ResourceTable.h","path":"D:\\devproject1\\entry\\build\\default\\generated\\r\\default\\ResourceTable.h","type":"file","isSymbolicLink":false,"fileMetaData":{"size":1337,"lastModifiedTime":1767504046901}},"D:\\devproject1\\entry\\build\\default\\generated\\r\\default":{"hashValue":"a2d9f4c469abb19d4cdf195b22937cb2","name":"default","path":"D:\\devproject1\\entry\\build\\default\\generated\\r\\default","type":"directory","isSymbolicLink":false,"children":[{"hashValue":"4ebde58491d02a3e98c383ee5cac8c84","name":"ResourceTable.h","path":"D:\\devproject1\\entry\\build\\default\\generated\\r\\default\\ResourceTable.h","type":"file","isSymbolicLink":false,"fileMetaData":{"size":1337,"lastModifiedTime":1767504046901}}]},"D:\\devproject1\\entry\\build\\default\\intermediates\\loader\\default":{"hashValue":"224fcd69683d9919d997c8a80323e385","name":"default","path":"D:\\devproject1\\entry\\build\\default\\intermediates\\loader\\default","type":"directory","isSymbolicLink":false,"children":[{"hashValue":"a197c002dfbb120d1e719dbd32fb9a1c","name":"loader.json","path":"D:\\devproject1\\entry\\build\\default\\intermediates\\loader\\default\\loader.json","type":"file","isSymbolicLink":false,"fileMetaData":{"size":831,"lastModifiedTime":1767504046784}},{"hashValue":"9f60150e8e0397b20e9b2615745d5700","name":"pkgContextInfo.json","path":"D:\\devproject1\\entry\\build\\default\\intermediates\\loader\\default\\pkgContextInfo.json","type":"file","isSymbolicLink":false,"fileMetaData":{"size":444,"lastModifiedTime":1767504046625}}]},"D:\\devproject1\\entry\\build\\default\\intermediates\\res\\default\\resources\\rawfile":{"hashValue":"","name":"rawfile","path":"D:\\devproject1\\entry\\build\\default\\intermediates\\res\\default\\resources\\rawfile","type":"directory","isSymbolicLink":false,"children":[]},"D:\\devproject1\\entry\\build\\default\\intermediates\\res\\default\\ResourceTable.txt":{"hashValue":"10cc9bcf5b75c6f3895df6f01476ab5b","name":"ResourceTable.txt","path":"D:\\devproject1\\entry\\build\\default\\intermediates\\res\\default\\ResourceTable.txt","type":"file","isSymbolicLink":false,"fileMetaData":{"size":410,"lastModifiedTime":1767504046901}},"D:\\devproject1\\entry\\build\\default\\intermediates\\res\\default\\ark_module.json":{"hashValue":"835a4ab0d6610604343b72801542da70","name":"ark_module.json","path":"D:\\devproject1\\entry\\build\\default\\intermediates\\res\\default\\ark_module.json","type":"file","isSymbolicLink":false,"fileMetaData":{"size":1318,"lastModifiedTime":1767504046737}},"D:\\devproject1\\entry\\build\\default\\intermediates\\res\\default\\resources\\base\\profile":{"hashValue":"d97889ccec51f115a21bc4b7208ea385","name":"profile","path":"D:\\devproject1\\entry\\build\\default\\intermediates\\res\\default\\resources\\base\\profile","type":"directory","isSymbolicLink":false,"children":[{"hashValue":"8e8e02a0de9b637e27f44c4463fc3c6d","name":"backup_config.json","path":"D:\\devproject1\\entry\\build\\default\\intermediates\\res\\default\\resources\\base\\profile\\backup_config.json","type":"file","isSymbolicLink":false,"fileMetaData":{"size":36,"lastModifiedTime":1767015610098}},{"hashValue":"f85cf8c6005b38e079e8ac9ab8b4b43d","name":"main_pages.json","path":"D:\\devproject1\\entry\\build\\default\\intermediates\\res\\default\\resources\\base\\profile\\main_pages.json","type":"file","isSymbolicLink":false,"fileMetaData":{"size":62,"lastModifiedTime":1767094368668}}]},"D:\\devproject1\\entry\\build\\default\\intermediates\\loader_out\\default\\ets":{"hashValue":"6f923a410aa35628395b6b97b791543d","name":"ets","path":"D:\\devproject1\\entry\\build\\default\\intermediates\\loader_out\\default\\ets","type":"directory","isSymbolicLink":false,"children":[{"hashValue":"09574ea7065913c3b9f2ecd661be6f43","name":"modules.abc","path":"D:\\devproject1\\entry\\build\\default\\intermediates\\loader_out\\default\\ets\\modules.abc","type":"file","isSymbolicLink":false,"fileMetaData":{"size":79116,"lastModifiedTime":1767506147559}},{"hashValue":"764576e2a5331dd1e703ba3ae899a110","name":"sourceMaps.map","path":"D:\\devproject1\\entry\\build\\default\\intermediates\\loader_out\\default\\ets\\sourceMaps.map","type":"file","isSymbolicLink":false,"fileMetaData":{"size":20924,"lastModifiedTime":1767506147493}}]},"D:\\devproject1\\entry\\build\\default\\intermediates\\stripped_native_libs\\default":{"hashValue":"","name":"default","path":"D:\\devproject1\\entry\\build\\default\\intermediates\\stripped_native_libs\\default","type":"directory","isSymbolicLink":false,"children":[]},"D:\\devproject1\\entry\\build\\default\\intermediates\\patch\\default\\base_native_libs.json":{"hashValue":"87f63c4b79b398a2f55830f807858f24","name":"base_native_libs.json","path":"D:\\devproject1\\entry\\build\\default\\intermediates\\patch\\default\\base_native_libs.json","type":"file","isSymbolicLink":false,"fileMetaData":{"size":25,"lastModifiedTime":1767504049106}},"D:\\devproject1\\entry\\build\\default\\intermediates\\res\\default\\module.json":{"hashValue":"73dd5a399e18202b7e0016d7265f5e20","name":"module.json","path":"D:\\devproject1\\entry\\build\\default\\intermediates\\res\\default\\module.json","type":"file","isSymbolicLink":false,"fileMetaData":{"size":1843,"lastModifiedTime":1767504046903}},"D:\\devproject1\\entry\\build\\default\\intermediates\\package\\default\\module.json":{"hashValue":"73dd5a399e18202b7e0016d7265f5e20","name":"module.json","path":"D:\\devproject1\\entry\\build\\default\\intermediates\\package\\default\\module.json","type":"file","isSymbolicLink":false,"fileMetaData":{"size":1843,"lastModifiedTime":1767504046903}},"D:\\devproject1\\entry\\build\\default\\intermediates\\res\\default\\resources":{"hashValue":"fa5dd981ee51001b6779c65faa71034e","name":"resources","path":"D:\\devproject1\\entry\\build\\default\\intermediates\\res\\default\\resources","type":"directory","isSymbolicLink":false,"children":[{"hashValue":"a30eef3fbcbc2e78da4ad58291800707","name":"base","path":"D:\\devproject1\\entry\\build\\default\\intermediates\\res\\default\\resources\\base","type":"directory","isSymbolicLink":false,"children":[{"hashValue":"478c5e0d1cef57890dd982af1416d6a6","name":"media","path":"D:\\devproject1\\entry\\build\\default\\intermediates\\res\\default\\resources\\base\\media","type":"directory","isSymbolicLink":false,"children":[{"hashValue":"eb72aadc5e263be5e76b1da1286592d6","name":"app_icon.png","path":"D:\\devproject1\\entry\\build\\default\\intermediates\\res\\default\\resources\\base\\media\\app_icon.png","type":"file","isSymbolicLink":false,"fileMetaData":{"size":2777,"lastModifiedTime":1767015609630}},{"hashValue":"99c4604ac776bbd454f48422148cd878","name":"background.png","path":"D:\\devproject1\\entry\\build\\default\\intermediates\\res\\default\\resources\\base\\media\\background.png","type":"file","isSymbolicLink":false,"fileMetaData":{"size":70283,"lastModifiedTime":1767504046941}},{"hashValue":"220ed0f8ea52334b93e78e69693284d1","name":"foreground.png","path":"D:\\devproject1\\entry\\build\\default\\intermediates\\res\\default\\resources\\base\\media\\foreground.png","type":"file","isSymbolicLink":false,"fileMetaData":{"size":9325,"lastModifiedTime":1767504046976}},{"hashValue":"c294a42487b19f11e4bd4e53baf60da0","name":"layered_image.json","path":"D:\\devproject1\\entry\\build\\default\\intermediates\\res\\default\\resources\\base\\media\\layered_image.json","type":"file","isSymbolicLink":false,"fileMetaData":{"size":95,"lastModifiedTime":1767504046901}},{"hashValue":"c68210293534a7eff0eae5fabbafc5f8","name":"startIcon.png","path":"D:\\devproject1\\entry\\build\\default\\intermediates\\res\\default\\resources\\base\\media\\startIcon.png","type":"file","isSymbolicLink":false,"fileMetaData":{"size":20093,"lastModifiedTime":1767015610028}}]},{"hashValue":"d97889ccec51f115a21bc4b7208ea385","name":"profile","path":"D:\\devproject1\\entry\\build\\default\\intermediates\\res\\default\\resources\\base\\profile","type":"directory","isSymbolicLink":false,"children":[{"hashValue":"8e8e02a0de9b637e27f44c4463fc3c6d","name":"backup_config.json","path":"D:\\devproject1\\entry\\build\\default\\intermediates\\res\\default\\resources\\base\\profile\\backup_config.json","type":"file","isSymbolicLink":false,"fileMetaData":{"size":36,"lastModifiedTime":1767015610098}},{"hashValue":"f85cf8c6005b38e079e8ac9ab8b4b43d","name":"main_pages.json","path":"D:\\devproject1\\entry\\build\\default\\intermediates\\res\\default\\resources\\base\\profile\\main_pages.json","type":"file","isSymbolicLink":false,"fileMetaData":{"size":62,"lastModifiedTime":1767094368668}}]}]},{"hashValue":"","name":"rawfile","path":"D:\\devproject1\\entry\\build\\default\\intermediates\\res\\default\\resources\\rawfile","type":"directory","isSymbolicLink":false,"children":[]}]},"D:\\devproject1\\entry\\build\\default\\intermediates\\res\\default\\resources.index":{"hashValue":"b489653f2d7f0ed8bc04f0eaf87b3bfc","name":"resources.index","path":"D:\\devproject1\\entry\\build\\default\\intermediates\\res\\default\\resources.index","type":"file","isSymbolicLink":false,"fileMetaData":{"size":1102,"lastModifiedTime":1767504046978}},"D:\\devproject1\\entry\\build\\default\\intermediates\\loader_out\\default\\ets\\sourceMaps.map":{"hashValue":"764576e2a5331dd1e703ba3ae899a110","name":"sourceMaps.map","path":"D:\\devproject1\\entry\\build\\default\\intermediates\\loader_out\\default\\ets\\sourceMaps.map","type":"file","isSymbolicLink":false,"fileMetaData":{"size":20924,"lastModifiedTime":1767506147493}},"D:\\devproject1\\entry\\build\\default\\outputs\\default\\entry-default-unsigned.hap":{"hashValue":"3be2ac61e5ffe373b4e4d450804c0703","name":"entry-default-unsigned.hap","path":"D:\\devproject1\\entry\\build\\default\\outputs\\default\\entry-default-unsigned.hap","type":"file","isSymbolicLink":false,"fileMetaData":{"size":208082,"lastModifiedTime":1767506148081}},"D:\\devproject1\\entry\\build\\default\\intermediates\\source_map\\default\\sourceMaps.map":{"hashValue":"764576e2a5331dd1e703ba3ae899a110","name":"sourceMaps.map","path":"D:\\devproject1\\entry\\build\\default\\intermediates\\source_map\\default\\sourceMaps.map","type":"file","isSymbolicLink":false,"fileMetaData":{"size":20924,"lastModifiedTime":1767506147493}},"D:\\devproject1\\entry\\build\\default\\outputs\\default\\mapping\\sourceMaps.map":{"hashValue":"764576e2a5331dd1e703ba3ae899a110","name":"sourceMaps.map","path":"D:\\devproject1\\entry\\build\\default\\outputs\\default\\mapping\\sourceMaps.map","type":"file","isSymbolicLink":false,"fileMetaData":{"size":20924,"lastModifiedTime":1767506147493}}}