{
  "HVIGOR_OHOS_PLUGIN": {
    "MODULES": [
      {
        "MODULE_NAME": "1043bfc77febe75fafec0c4309faccf1",
        "API_TYPE": "stageMode"
      }
    ],
    "BUILD_MODE": "debug"
  },
  "HVIGOR": {
    "IS_INCREMENTAL": true,
    "IS_DAEMON": false,
    "IS_PARALLEL": true,
    "IS_HVIGORFILE_TYPE_CHECK": false,
    "TASK_TIME": {},
    "BUILD_ID": "202601041856480530",
    "ERROR_MESSAGE": {
      "CODE": "00000",
      "TIMESTAMP": "1767524210659"
    },
    "TOTAL_TIME": 2630770700
  }
}