{"CACHE_SYNC_FILE_HASH":{"D:\\devproject1\\entry\\oh-package.json5":"12f0a2103a93794ab1e4342d9560ff40b423345d8f749377976af35099dbf9d6","D:\\devproject1\\oh-package.json5":"9b625df5128328f2780f0f656006c3d5d03e07afb51a624f627b8a9c44099727","D:\\devproject1\\entry\\hvigorfile.ts":"e135d42831c2b82345badb3045742bbc8b5dfc2245b3718e317e7106772ecdc8","D:\\devproject1\\hvigor\\hvigor-config.json5":"722a4a2f19091a449efbefd2ef13b74528136e15dd045a1eb3b2c344fddb4790","D:\\devproject1\\hvigorfile.ts":"9da0193ba605dca1bdd210b6feeeed1fe984043a589eaa75a0d91a2ce4f65584","D:\\devproject1\\build-profile.json5":"f33584afc2e82f71542cc2916d1bd523fbf73aa65ce90b99cb7c41083cfeb05d","D:\\devproject1\\entry\\build-profile.json5":"ffb2d0013dde1d1a94ae8b530ae0db04c63a76646113c8c93886f5dc9b26965b","D:\\devproject1\\.hvigor\\outputs\\sync\\output.json":"032aa44be84d7ff10c4031d31c5463e7eac9aa24ae9e31e087796c35005ad7fc","SDK_LOCATION":"D:/deveco/DevEco Studio/sdk"},"OHPM_INSTALL_FILE_HASH":{"D:\\devproject1\\entry\\oh-package.json5":"12f0a2103a93794ab1e4342d9560ff40b423345d8f749377976af35099dbf9d6","D:\\devproject1\\oh_modules\\.ohpm\\lock.json5":"cddea3658b834525798fbf6a7457d090eebc007d1612c85675f0a830949990de","D:\\devproject1\\oh_modules":true,"D:\\devproject1\\oh-package.json5":"9b625df5128328f2780f0f656006c3d5d03e07afb51a624f627b8a9c44099727","D:\\devproject1\\entry\\oh_modules":false}}